X;Y;OBJECTID;StationName;WXID;ObservedDate;NESSID;NWSID;Elevation;SiteDescription;Latitude;Longitude;State;County;Agency;Region;Unit;SubUnit;Status;RainAccumulation;WindSpeedMPH;WindDirDegrees;AirTempStandPlace;FuelTemp;RelativeHumidity;BatteryVoltage;FuelMoisture;WindDirPeak;WindSpeedPeak;SolarRadiation;StationID;MesoWestStationID;MesoWestURL
-119.61131;37.7300300000001;12;YNP PORTABLE;18053678;2024/02/08 20:02:04+00;32D3E21C;;3633;;37.73003;-119.61131;CA;Mariposa;NPS;PACIFIC WEST;YOSEMITE NP;;AU;.05 inches;0 mph;196 degrees;36 deg. F;35 deg. F;91%;12.9 volts;26.6 (unk);181 degrees;0 mph;39 w/m2;18053677;YNWC1;https://mesowest.utah.edu/cgi-bin/droman/meso_base_dyn.cgi?stn=YNWC1&unit=0&timetype=GMT
-89.79556;30.6619400000001;15;BOGUE CHITTO;18770454;2024/02/08 20:12:44+00;32B108FA;227701;126;;30.66194;-89.79556;MS;Pearl River;FWS;REGION 4;BIG BRANCH NWR;SE La Refuges Comple;A;4.58 inches;4 mph;160 degrees;68 deg. F;71 deg. F;60%;NO DATA;11.5 (unk);166 degrees;9 mph;200 w/m2;18770452;BCCM6;https://mesowest.utah.edu/cgi-bin/droman/meso_base_dyn.cgi?stn=BCCM6&unit=0&timetype=GMT
-104.7195;44.5817900000001;43;DEVILS TOWER;17137191;2024/02/08 20:23:04+00;FA64F588;480606;3872;Devils Tower residence area;44.58179;-104.7195;WY;Crook;NPS;MIDWEST;DEVILS TOWER NM;NORTHERN GREAT PLAIN;A;.24 inches;0 mph;283 degrees;31 deg. F;33 deg. F;69%;14.2 volts;17.3 (unk);353 degrees;0 mph;126 w/m2;17137190;DVLW4;https://mesowest.utah.edu/cgi-bin/droman/meso_base_dyn.cgi?stn=DVLW4&unit=0&timetype=GMT
-122.94511;39.80742;49;MENDOCINO PASS;17209649;2024/02/08 20:04:34+00;32715230;41018;5382;"SITE IS JUST NORTH OF MENDOCINO PASS. AREA IS IN A SMALL
CLEARING WITH THE MAST JUST ABOVE THE TREES.  STATION SITS
ON A SOUTH SLOPE 50 YDS OF 2 TRACK.";39.80742;-122.94511;CA;Mendocino;USFS;5;MENDOCINO NF;COVELO RD;A;8.73 inches;6 mph;110 degrees;34 deg. F;47 deg. F;100%;14.4 volts;18 (unk);116 degrees;10 mph;613 w/m2;17209642;MASC1;https://mesowest.utah.edu/cgi-bin/droman/meso_base_dyn.cgi?stn=MASC1&unit=0&timetype=GMT
-111.09911;44.6659700000001;59;HEBGEN LAKE;17036075;2024/02/08 19:39:34+00;323FC0E6;244603;6700;site is surrounded by lodgepole pine,vegitation is sparsegrass with barren sandy soil;44.66597;-111.09911;MT;Gallatin;USFS;1;Custer Gallatin NF;HEBGAN LAKE RD;A;1.93 inches;6 mph;212 degrees;28 deg. F;NO DATA;85%;13.4 volts;NO DATA;207 degrees;13 mph;68 w/m2;17036069;HBRM8;https://mesowest.utah.edu/cgi-bin/droman/meso_base_dyn.cgi?stn=HBRM8&unit=0&timetype=GMT
-121.1977;44.9254800000001;90;MUTTON MOUNTAIN;16781366;2024/02/08 19:34:34+00;5211B19E;350917;4011;"SITE IS SITUATED IN A SMALL CLEARING WITHIN THE MUTTON MTN
RANGE OVERLOOKING A VALLEY TO THE SW. MUTTON MTN IS 2 MILES
TO THE W. MUTTON MTN SPRING IS 4 MILES TO THE NE. SHANIKO
BUTTE IS 4 MILES TO THE N. VEGETATION IS PINE W/SMALL SHRUBS
AREA BIA FREQS = S-172.425, R-171.775, CODE-4321";44.92548;-121.1977;OR;Wasco;BIA;Northwest;Warm Springs Agency;;A;2.43 inches;6 mph;258 degrees;34 deg. F;NO DATA;74%;14.2 volts;NO DATA;343 degrees;13 mph;341 w/m2;16781363;MMFO3;https://mesowest.utah.edu/cgi-bin/droman/meso_base_dyn.cgi?stn=MMFO3&unit=0&timetype=GMT
-152.13611;69.3700000000001;109;UMIAT AIRFIELD;17475619;2024/02/08 18:23:55+00;326B17F6;500104;267;;69.37;-152.13611;AK;North Slope;BLM;R11 Alaska;ALASKA FIRE SERVICE;;D;NO DATA;NO DATA;NO DATA;NO DATA;NO DATA;NO DATA;NO DATA;NO DATA;NO DATA;NO DATA;NO DATA;17475619;UMTA2;https://mesowest.utah.edu/cgi-bin/droman/meso_base_dyn.cgi?stn=UMTA2&unit=0&timetype=GMT
-112.23886;38.9792400000001;124;BLACK CEDAR;16945203;2024/02/08 19:27:04+00;323517DC;421805;6493;SITE LOCATED ON SSW SLOPE WITH JUNIPER,PINION PINE,GRASSAND SAGE. IS APPROX 3000' FROM MTN. TOP. MTNS. TO THE S ANDN 2-3 MILES.FIRE WEATHER FORECAST ZONE: 432;38.97924;-112.23886;UT;Millard;USFS;4;FISHLAKE NF;;A;7.15 inches;3 mph;294 degrees;36 deg. F;38 deg. F;75%;14 volts;17.6 (unk);274 degrees;9 mph;261 w/m2;16945200;BKCU1;https://mesowest.utah.edu/cgi-bin/droman/meso_base_dyn.cgi?stn=BKCU1&unit=0&timetype=GMT
-76.617;40.4590000000001;135;INDIANTOWN RUN;19103245;2024/02/08 14:13:44+00;32A0FD1A;;710;;40.459;-76.617;PA;Lebanon;S&PF;PENNSYLVANIA;;;A;6.77 inches;2 mph;80 degrees;36 deg. F;36 deg. F;67%;14 volts;18.5 (unk);43 degrees;7 mph;161 w/m2;19103243;RUNP1;https://mesowest.utah.edu/cgi-bin/droman/meso_base_dyn.cgi?stn=RUNP1&unit=0&timetype=GMT
-116.1882;44.9429000000001;139;SKI HILL;16945977;2024/02/08 19:58:44+00;325E554C;101223;5297;FIRE WEATHER FORECAST ZONE:  401;44.9429;-116.1882;ID;Valley;USFS;4;PAYETTE NF;McCALL;A;9.12 inches;0 mph;297 degrees;34 deg. F;32 deg. F;80%;13.1 volts;27.3 (unk);262 degrees;0 mph;35 w/m2;16945974;SFFI1;https://mesowest.utah.edu/cgi-bin/droman/meso_base_dyn.cgi?stn=SFFI1&unit=0&timetype=GMT
-117.136;32.7830000000001;140;MISSION VALLEY;17568281;2024/02/08 15:50:14+00;CA801094;45747;300;;32.783;-117.136;CA;San Diego;S&PF;CALIFORNIA;;San Diego Gas & Elec;A;10.26 inches;3 mph;250 degrees;53 deg. F;49 deg. F;0%;13.3 volts;25.6 (unk);278 degrees;13 mph;77 w/m2;17568280;BVDC1;https://mesowest.utah.edu/cgi-bin/droman/meso_base_dyn.cgi?stn=BVDC1&unit=0&timetype=GMT
-138.21463;59.09063;141;DECEPTION HILLS;18734610;2024/02/08 19:25:05+00;3962A300;;2190;;59.09063;-138.21463;AK;Skagway-Hoonah-Angoon;NPS;ALASKA;SEAN Southeast AK Nt;;D;NO DATA;NO DATA;NO DATA;NO DATA;NO DATA;NO DATA;NO DATA;NO DATA;NO DATA;NO DATA;NO DATA;18734608;DHWA2;https://mesowest.utah.edu/cgi-bin/droman/meso_base_dyn.cgi?stn=DHWA2&unit=0&timetype=GMT
-112.38345;37.3310500000001;150;KFO PORTABLE 2;18377234;2024/02/08 19:38:04+00;AAB1460C;;6436;Between Thompson Wash and Bald Knoll, in the Upper Kanab Creek watershed.;37.33105;-112.38345;UT;Kane;BLM;R7 Upper CO Basin;KANAB;Kanab Field Office;A;82.1 inches;4 mph;125 degrees;29 deg. F;NO DATA;94%;12.3 volts;NO DATA;143 degrees;11 mph;113 w/m2;18377233;TT207;https://mesowest.utah.edu/cgi-bin/droman/meso_base_dyn.cgi?stn=TT207&unit=0&timetype=GMT
-148.81775;61.7337200000001;174;LITTLE GRANITE CREEK;17483556;2024/02/08 15:56:34+00;9A70305C;500975;939;;61.73372;-148.81775;AK;Anchorage;S&PF;ALASKA;DNR;;A;0 inches;1 mph;45 degrees;20 deg. F;NO DATA;56%;13.2 volts;NO DATA;45 degrees;8 mph;0 w/m2;17483555;LGKA2;https://mesowest.utah.edu/cgi-bin/droman/meso_base_dyn.cgi?stn=LGKA2&unit=0&timetype=GMT
-123.3198;40.2507400000001;204;RUTH;17305384;2024/02/08 20:23:04+00;3285F5E6;40508;2732;Valley station located near the Ruth Forest Service Station. Ground cover consists of grass, manzanita, pine and fir.;40.25074;-123.3198;CA;Trinity;USFS;5;SIX RIVERS NF;MAD RIVER;A;37.9 inches;4 mph;277 degrees;44 deg. F;61 deg. F;NO DATA;NO DATA;NO DATA;NO DATA;NO DATA;NO DATA;17305381;RLKC1;https://mesowest.utah.edu/cgi-bin/droman/meso_base_dyn.cgi?stn=RLKC1&unit=0&timetype=GMT
-119.963;39.2728300000001;229;KNOX 2;17705500;2024/02/08 20:19:14+00;91C0052A;260117;7568;;39.27283;-119.963;NV;Washoe;S&PF;NEVADA;;;A;3.04 inches;1 mph;113 degrees;30 deg. F;29 deg. F;87%;14.3 volts;27.3 (unk);120 degrees;6 mph;224 w/m2;17705497;KNXN2;https://mesowest.utah.edu/cgi-bin/droman/meso_base_dyn.cgi?stn=KNXN2&unit=0&timetype=GMT
-77.32307;34.8249900000001;230;HOFMANN FOREST;17274671;2024/02/08 20:10:35+00;3281B3D6;319507;42;Station is located in clearing of Pine Plantation;34.82499;-77.32307;NC;Onslow;S&PF;NORTH CAROLINA;DIV. OF FOREST RES.;D4 NEW BERN;A;2.6 inches;2 mph;343 degrees;61 deg. F;75 deg. F;38%;13.4 volts;8.1 (unk);329 degrees;6 mph;505 w/m2;17274670;HFMN7;https://mesowest.utah.edu/cgi-bin/droman/meso_base_dyn.cgi?stn=HFMN7&unit=0&timetype=GMT
-88.8001;36.16083;242;GREENFIELD;17393708;2024/02/08 20:05:14+00;2600176;401801;499;;36.16083;-88.8001;TN;Weakley;S&PF;TENNESSEE;DIVISION OF FORESTRY;West;A;6.81 inches;10 mph;340 degrees;63 deg. F;NO DATA;53%;13.2 volts;NO DATA;326 degrees;21 mph;205 w/m2;17393707;GNDT1;https://mesowest.utah.edu/cgi-bin/droman/meso_base_dyn.cgi?stn=GNDT1&unit=0&timetype=GMT
-91.54333;46.3441700000001;258;BARNES;17450532;2024/02/08 20:06:14+00;53704070;470202;1210;;46.34417;-91.54333;WI;Bayfield;S&PF;WISCONSIN;DNR;Park Falls DG;A;.36 inches;9 mph;167 degrees;50 deg. F;52 deg. F;60%;14.2 volts;14 (unk);166 degrees;23 mph;281 w/m2;17450530;BRNW3;https://mesowest.utah.edu/cgi-bin/droman/meso_base_dyn.cgi?stn=BRNW3&unit=0&timetype=GMT
-90.71164;35.5679200000001;263;POINSETT;17433622;2024/02/08 20:10:44+00;0720468A;32801;389;Site is located in a field just north-east of Harrisburg behind the county landfill.;35.56792;-90.71164;AR;Poinsett;S&PF;ARKANSAS;ARKANSAS FORESTRY;;A;10.56 inches;14 mph;37 degrees;64 deg. F;69 deg. F;70%;13.5 volts;11.9 (unk);173 degrees;28 mph;380 w/m2;17433621;LPSA4;https://mesowest.utah.edu/cgi-bin/droman/meso_base_dyn.cgi?stn=LPSA4&unit=0&timetype=GMT
-123.92829;40.7199400000001;271;KNEELAND;17503005;2024/02/08 19:55:39+00;CA2AB768;40429;2737;FDRA - 100, Site is on ridgetop at the Kneeland Helitack Basesurrounded by a hardwood/conifer component.;40.71994;-123.92829;CA;Humboldt;S&PF;CALIFORNIA;CDF;HUMBOLDT-DEL NORTE U;A;49.26 inches;3 mph;30 degrees;41 deg. F;49 deg. F;85%;14.1 volts;24.3 (unk);11 degrees;10 mph;323 w/m2;17503003;KNNC1;https://mesowest.utah.edu/cgi-bin/droman/meso_base_dyn.cgi?stn=KNNC1&unit=0&timetype=GMT
-120.59449;39.77948;285;DENTEN CREEK;18371095;2024/02/08 19:34:14+00;AAB03266;40921;5149;The DENTEN RAWS sits above the Mohawk Valley in a natural opening surrounded by mixed conifer on a south facing aspect.  It is approximately 1/2 to 3/4 of a mile north of HWY 70 and 2 miles south of Penman Peak.;39.77948;-120.59449;CA;Plumas;USFS;5;PLUMAS NF;;A;12.8 inches;1 mph;204 degrees;39 deg. F;42 deg. F;71%;14 volts;23 (unk);139 degrees;4 mph;365 w/m2;18371092;MWKC1;https://mesowest.utah.edu/cgi-bin/droman/meso_base_dyn.cgi?stn=MWKC1&unit=0&timetype=GMT
-84.51111;46.2408300000001;289;RUDYARD;17281059;2024/02/05 21:14:55+00;0800B04C;201505;700;;46.24083;-84.51111;MI;Chippewa;S&PF;MICHIGAN;DEPT OF NATURAL RES.;UPPER PENINSULA;A;0 inches;5 mph;27 degrees;45 deg. F;NO DATA;63%;NO DATA;NO DATA;16 degrees;10 mph;268 w/m2;17281058;RYDM4;https://mesowest.utah.edu/cgi-bin/droman/meso_base_dyn.cgi?stn=RYDM4&unit=0&timetype=GMT
-120.72028;48.3469400000001;305;STEHEKIN-AIRSTRIP;17266976;2024/02/08 20:01:24+00;FA411054;452121;1230;;48.34694;-120.72028;WA;;NPS;PACIFIC WEST;NORTH CASCADES NP;;A;4.83 inches;5 mph;340 degrees;47 deg. F;37 deg. F;47%;12 volts;27.1 (unk);295 degrees;17 mph;218 w/m2;17266974;STRW1;https://mesowest.utah.edu/cgi-bin/droman/meso_base_dyn.cgi?stn=STRW1&unit=0&timetype=GMT
-90.3805599999999;31.9497200000001;352;COPIAH;17365794;2024/02/08 20:09:34+00;3910363A;225502;150;;31.94972;-90.38056;MS;Copiah;S&PF;MISSISSIPPI;FORESTRY COMMISSION;Fire Services;A;4.08 inches;10 mph;40 degrees;66 deg. F;NO DATA;64%;13.9 volts;NO DATA;40 degrees;18 mph;260 w/m2;17365792;CYSM6;https://mesowest.utah.edu/cgi-bin/droman/meso_base_dyn.cgi?stn=CYSM6&unit=0&timetype=GMT
-77.11099;35.09686;374;NEW BERN;17084450;2024/02/08 20:17:55+00;407020F4;319004;20;;35.09686;-77.11099;NC;;S&PF;NORTH CAROLINA;DIV. OF FOREST RES.;D-4 NEW BERN;A;38.28 inches;4 mph;159 degrees;61 deg. F;76 deg. F;36%;13.5 volts;8.4 (unk);107 degrees;9 mph;477 w/m2;17084448;NBRN7;https://mesowest.utah.edu/cgi-bin/droman/meso_base_dyn.cgi?stn=NBRN7&unit=0&timetype=GMT
-114.09621;46.9268700000001;398;SMOKE USFS R2-924;18724355;1900/01/01 00:00:01+00;396240F2;;3200;;46.92687;-114.09621;CO;Jefferson;USFS;2;;;D;NO DATA;NO DATA;NO DATA;NO DATA;NO DATA;NO DATA;NO DATA;NO DATA;NO DATA;NO DATA;NO DATA;18724355;TT713;https://mesowest.utah.edu/cgi-bin/droman/meso_base_dyn.cgi?stn=TT713&unit=0&timetype=GMT
-121.584;40.0686600000001;404;CARPENTER RIDGE;17097524;2024/02/08 19:54:49+00;CA2132D4;41213;4816;;40.06866;-121.584;CA;Butte;S&PF;CALIFORNIA;CDF;BUTTE UNIT;A;33 inches;1 mph;301 degrees;35 deg. F;40 deg. F;92%;13.1 volts;24.7 (unk);331 degrees;4 mph;278 w/m2;17097522;CDEC1;https://mesowest.utah.edu/cgi-bin/droman/meso_base_dyn.cgi?stn=CDEC1&unit=0&timetype=GMT
-117.5001;33.75474;410;TEMESCAL 2  (CNF);17156670;2024/02/08 19:41:36+00;3242E0C0;45635;1748;Ridgeline above the Glen Ivy Resort. Short hike up from their water tank.;33.75474;-117.5001;CA;Riverside;USFS;5;CLEVELAND NF;TRABUCO R.D.;A;11.89 inches;18 mph;208 degrees;50 deg. F;62 deg. F;54%;14 volts;16.1 (unk);212 degrees;31 mph;656 w/m2;17156667;TSCC1;https://mesowest.utah.edu/cgi-bin/droman/meso_base_dyn.cgi?stn=TSCC1&unit=0&timetype=GMT
-122.83093;40.4378400000001;411;ARBUCKLE BASIN;17089841;2024/02/08 19:54:19+00;CA2AF462;40632;2452;Final sections of roads are extreme slopes and difficult.Parking for only two vehicles max at site.Contact George Cassel (530)225-2411 to arrange visit.;40.43784;-122.83093;CA;Shasta;S&PF;CALIFORNIA;CDF;SHASTA-TRINITY UNIT;A;18.36 inches;7 mph;294 degrees;47 deg. F;60 deg. F;56%;13.8 volts;14.7 (unk);288 degrees;19 mph;531 w/m2;17089839;PLIC1;https://mesowest.utah.edu/cgi-bin/droman/meso_base_dyn.cgi?stn=PLIC1&unit=0&timetype=GMT
-111.24447;45.45964;412;SHENANGO;16918066;2024/02/08 19:39:44+00;323FD390;244601;5391;VALLEY SITEFIRE WX ZONE 123;45.45964;-111.24447;MT;Gallatin;USFS;1;Custer Gallatin NF;BOZEMAN RD;A;1.42 inches;3 mph;191 degrees;35 deg. F;NO DATA;74%;14.4 volts;NO DATA;239 degrees;6 mph;299 w/m2;16918063;SGOM8;https://mesowest.utah.edu/cgi-bin/droman/meso_base_dyn.cgi?stn=SGOM8&unit=0&timetype=GMT
-121.80694;37.39833;419;SANJOSE;17535250;2024/02/08 19:52:24+00;32905540;;675;;37.39833;-121.80694;CA;Santa Clara;S&PF;CALIFORNIA;CDF;SAN JOSE FIRE DEPT;A;12.69 inches;4 mph;186 degrees;54 deg. F;60 deg. F;55%;14 volts;17.3 (unk);199 degrees;7 mph;618 w/m2;17535249;RJSC1;https://mesowest.utah.edu/cgi-bin/droman/meso_base_dyn.cgi?stn=RJSC1&unit=0&timetype=GMT
-154.0764;62.7238800000001;423;FAREWELL;16787244;2024/02/08 19:53:45+00;3243C4D6;500624;723;;62.72388;-154.0764;AK;Yukon-Koyukuk;BLM;R11 Alaska;ALASKA FIRE SERVICE;WASHINGTON D.C.;A;11.87 inches;2 mph;36 degrees;3 deg. F;NO DATA;80%;12.6 volts;NO DATA;76 degrees;8 mph;5 w/m2;16787243;FWLA2;https://mesowest.utah.edu/cgi-bin/droman/meso_base_dyn.cgi?stn=FWLA2&unit=0&timetype=GMT
-117.41203;33.6471100000001;440;EL CARISO;17018420;2024/02/08 20:20:34+00;3230A392;45619;2733;ridgetop;33.64711;-117.41203;CA;Riverside;USFS;5;CLEVELAND NF;TRABUCO RD;A;13.08 inches;14 mph;225 degrees;45 deg. F;60 deg. F;72%;13.8 volts;24.2 (unk);212 degrees;21 mph;606 w/m2;17018417;ECSC1;https://mesowest.utah.edu/cgi-bin/droman/meso_base_dyn.cgi?stn=ECSC1&unit=0&timetype=GMT
-114.15731;46.71853;451;FIRE EFFECTS PORTABLE #2;17501988;2024/02/08 19:26:56+00;328E632C;;3966;Luebrech Experimental Forest.  Snowmelt study.;46.71853;-114.15731;MT;Missoula;USFS;1;Missoula Fire Lab;;A;25.25 inches;0 mph;232 degrees;35 deg. F;NO DATA;75%;14.3 volts;NO DATA;173 degrees;5 mph;118 w/m2;17501988;MOMM8;https://mesowest.utah.edu/cgi-bin/droman/meso_base_dyn.cgi?stn=MOMM8&unit=0&timetype=GMT
-150.09257;61.4222;502;PT MAC;17542429;2024/02/08 15:50:34+00;32750776;500973;136;;61.4222;-150.09257;AK;Matanuska-Susitna;S&PF;ALASKA;ALASKA FIRE SERVICE;;A;.03 inches;5 mph;4 degrees;21 deg. F;NO DATA;93%;13 volts;NO DATA;331 degrees;8 mph;0 w/m2;17542428;PMZA2;https://mesowest.utah.edu/cgi-bin/droman/meso_base_dyn.cgi?stn=PMZA2&unit=0&timetype=GMT
-83.4269399999999;31.10972;528;ADEL;17327904;2024/02/08 20:04:24+00;3100E40E;98401;232;;31.10972;-83.42694;GA;Cook;S&PF;GEORGIA;GEORGIA FORESTRY COM;;A;4.09 inches;8 mph;125 degrees;68 deg. F;74 deg. F;48%;13.4 volts;9.7 (unk);71 degrees;13 mph;505 w/m2;17327903;AELG1;https://mesowest.utah.edu/cgi-bin/droman/meso_base_dyn.cgi?stn=AELG1&unit=0&timetype=GMT
-111.32278;39.3094400000001;542;JOES VALLEY;17141547;2024/02/08 20:16:24+00;323C376C;421602;8700;Open SW Aspect area in the PJ/Pine to Spruce/Fir Alpinetransition zone.;39.30944;-111.32278;UT;Sanpete;USFS;4;MANTI LA SAL NF;MANTI DIVISION;A;.7 inches;5 mph;112 degrees;26 deg. F;36 deg. F;81%;14.2 volts;12.8 (unk);124 degrees;10 mph;354 w/m2;17141544;JVAU1;https://mesowest.utah.edu/cgi-bin/droman/meso_base_dyn.cgi?stn=JVAU1&unit=0&timetype=GMT
-120.78437;40.78169;575;GRASSHOPPER;17093936;2024/02/08 19:47:44+00;CA2090D6;40721;6158;;40.78169;-120.78437;CA;Lassen;S&PF;CALIFORNIA;CDF;LASSEN-MODOC UNIT;A;6.09 inches;2 mph;357 degrees;34 deg. F;36 deg. F;71%;14.1 volts;20.9 (unk);54 degrees;7 mph;255 w/m2;17093934;GRSC1;https://mesowest.utah.edu/cgi-bin/droman/meso_base_dyn.cgi?stn=GRSC1&unit=0&timetype=GMT
-111.35944;45.16583;578;YELLOW MULE;17081131;2024/02/08 20:04:14+00;323FF57C;244606;9200;High elevation location with subalpine fir and whitebarkpine species prevalent.  Site located near USFS recreationtrail.;45.16583;-111.35944;MT;Gallatin;USFS;1;Custer Gallatin NF;BOZEMAN RD;A;.24 inches;6 mph;241 degrees;20 deg. F;NO DATA;86%;14.6 volts;NO DATA;202 degrees;9 mph;70 w/m2;17081126;YLWM8;https://mesowest.utah.edu/cgi-bin/droman/meso_base_dyn.cgi?stn=YLWM8&unit=0&timetype=GMT
-120.75278;42.7219400000001;584;SUMMER LAKE;17370920;2024/02/08 19:38:54+00;326E25AC;353429;5085;"Station is located on a bench midslope facing east. The site
is within a 2002 fire. Vegetation is grass and low evergreen
brush with a few scattered trees.";42.72194;-120.75278;OR;Lake;USFS;6;Fremont-Winema NF;;A;11.76 inches;3 mph;53 degrees;32 deg. F;NO DATA;79%;14.4 volts;NO DATA;45 degrees;7 mph;193 w/m2;17370917;SLKO3;https://mesowest.utah.edu/cgi-bin/droman/meso_base_dyn.cgi?stn=SLKO3&unit=0&timetype=GMT
-122.22083;37.8650000000001;607;OAKLAND NORTH;17063963;2024/02/08 19:33:34+00;CA4A06D4;43402;1403;"RIDGETOPSTATION LOCATED WITHIN ""KPFA"" RADIO TOWER COMPOUND ON RIDGETOP EAST OF OAKLAND CITY.";37.865;-122.22083;CA;Alameda;S&PF;CALIFORNIA;Oakland;;A;17.63 inches;6 mph;211 degrees;49 deg. F;60 deg. F;66%;13.8 volts;14.2 (unk);230 degrees;9 mph;574 w/m2;17063962;ONOC1;https://mesowest.utah.edu/cgi-bin/droman/meso_base_dyn.cgi?stn=ONOC1&unit=0&timetype=GMT
-123.32129;39.6679600000001;630;RODEO VALLEY;17102132;2024/02/08 19:28:54+00;CA4A334E;41015;2428;Site is located off hwy 162 between hwy 101 and covelo.The site is on a knoll in an open area with no obstructions.;39.66796;-123.32129;CA;Mendocino;S&PF;CALIFORNIA;CDF;MENDOCINO UNIT;A;30.25 inches;3 mph;291 degrees;40 deg. F;49 deg. F;85%;13.9 volts;23.3 (unk);335 degrees;8 mph;487 w/m2;17102130;RDVC1;https://mesowest.utah.edu/cgi-bin/droman/meso_base_dyn.cgi?stn=RDVC1&unit=0&timetype=GMT
-81.1199599999999;32.17166;683;SAVANNAH NWR;17359139;2024/02/08 20:23:41+00;8376F068;384201;7;;32.17166;-81.11996;GA;;FWS;REGION 4;SAVANNAH NWR;;A;5.09 inches;9 mph;135 degrees;64 deg. F;NO DATA;48%;13.4 volts;NO DATA;148 degrees;14 mph;521 w/m2;17359136;SVNS1;https://mesowest.utah.edu/cgi-bin/droman/meso_base_dyn.cgi?stn=SVNS1&unit=0&timetype=GMT
-118.41257;34.1248600000001;692;BEVERLY HILLS;17117239;2024/02/08 19:55:04+00;CA41E68E;45442;1260;;34.12486;-118.41257;CA;Los Angeles;S&PF;CALIFORNIA;BEVERLY HILLS;;A;17.23 inches;3 mph;217 degrees;52 deg. F;64 deg. F;61%;13.7 volts;25.8 (unk);11 degrees;6 mph;384 w/m2;17117239;BVRC1;https://mesowest.utah.edu/cgi-bin/droman/meso_base_dyn.cgi?stn=BVRC1&unit=0&timetype=GMT
-116.28322;43.57167;693;DENNIS TECH CENTER;18739729;2024/02/08 19:46:25+00;AAB6F7B6;;2759;Station is located directly in front of the Dennis Tech Center main door entrance (south side). RH and FM will be directly affected by sprinkler system.;43.57167;-116.28322;ID;Ada;BLM;R9 Columbia Pac NW;BLM/NIFC;;D;NO DATA;NO DATA;NO DATA;NO DATA;NO DATA;NO DATA;NO DATA;NO DATA;NO DATA;NO DATA;NO DATA;18739729;TT325;https://mesowest.utah.edu/cgi-bin/droman/meso_base_dyn.cgi?stn=TT325&unit=0&timetype=GMT
-156.90232;21.1408300000001;699;PUU ALII;18150933;2024/02/08 20:22:41+00;32D6062E;;3805;;21.14083;-156.90232;HI;Kalawao;NPS;PACIFIC WEST;KALAUPAPA NHP;;A;59.98 inches;4 mph;40 degrees;55 deg. F;NO DATA;90%;13.1 volts;NO DATA;79 degrees;18 mph;256 w/m2;18150930;PAFH1;https://mesowest.utah.edu/cgi-bin/droman/meso_base_dyn.cgi?stn=PAFH1&unit=0&timetype=GMT
-68.64167;44.06667;702;ISLE AU HAUT;16910378;2024/02/08 19:38:04+00;FA670202;170131;0;;44.06667;-68.64167;ME;Knox;NPS;NORTHEAST;ACADIA NP;;A;4.95 inches;2 mph;17 degrees;40 deg. F;41 deg. F;52%;13.9 volts;14.2 (unk);337 degrees;4 mph;362 w/m2;16910377;IAHM1;https://mesowest.utah.edu/cgi-bin/droman/meso_base_dyn.cgi?stn=IAHM1&unit=0&timetype=GMT
-122.5999;41.67576;709;BRAZIE RANCH;17097258;2024/02/08 19:54:39+00;CA2046BE;40242;3090;;41.67576;-122.5999;CA;Siskiyou;S&PF;CALIFORNIA;CDF;SISKIYOU UNIT;A;7.09 inches;5 mph;72 degrees;43 deg. F;55 deg. F;58%;14 volts;23.1 (unk);89 degrees;8 mph;506 w/m2;17097256;BZRC1;https://mesowest.utah.edu/cgi-bin/droman/meso_base_dyn.cgi?stn=BZRC1&unit=0&timetype=GMT
-122.80449;40.7864200000001;718;TRINITY CAMP;17104433;2024/02/08 19:28:24+00;CA20D3DC;40516;3308;This RAWS station sits on an exposed granite hill above theTrinity River Conservation Camp. It is also about 75 yardsfrom a USFS helicopter landing pad.;40.78642;-122.80449;CA;Trinity;S&PF;CALIFORNIA;CDF;SHASTA-TRINITY UNIT;A;21 inches;4 mph;309 degrees;36 deg. F;45 deg. F;84%;14 volts;24.3 (unk);301 degrees;6 mph;340 w/m2;17104431;TCAC1;https://mesowest.utah.edu/cgi-bin/droman/meso_base_dyn.cgi?stn=TCAC1&unit=0&timetype=GMT
-88.1652799999999;34.7775;724;TISHOMINGO;17402653;2024/02/08 20:14:14+00;391096C2;220601;300;;34.7775;-88.16528;MS;Tishomingo;S&PF;MISSISSIPPI;FORESTRY COMMISSION;Fire Services;A;9.03 inches;12 mph;32 degrees;60 deg. F;NO DATA;48%;13 volts;NO DATA;37 degrees;25 mph;196 w/m2;17402652;TISM6;https://mesowest.utah.edu/cgi-bin/droman/meso_base_dyn.cgi?stn=TISM6&unit=0&timetype=GMT
-116.69944;32.6675000000001;732;BARRETT;17568018;2024/02/08 15:50:04+00;CA8003E2;;2395;;32.6675;-116.69944;CA;San Diego;S&PF;CALIFORNIA;;San Diego Gas & Elec;A;14.17 inches;11 mph;256 degrees;42 deg. F;43 deg. F;94%;14.2 volts;26.5 (unk);277 degrees;21 mph;100 w/m2;17568017;BAJC1;https://mesowest.utah.edu/cgi-bin/droman/meso_base_dyn.cgi?stn=BAJC1&unit=0&timetype=GMT
-112.44782;37.1388700000001;752;KFO PORTABLE 3;18376976;2024/02/08 19:38:14+00;AAB1557A;;5846;Located between the Vermillion Cliffs and the White Cliffs near Center Knoll.;37.13887;-112.44782;UT;Kane;BLM;R7 Upper CO Basin;KANAB;KANAB;A;44.1 inches;4 mph;133 degrees;32 deg. F;NO DATA;89%;12.1 volts;NO DATA;135 degrees;9 mph;195 w/m2;18376976;CENU1;https://mesowest.utah.edu/cgi-bin/droman/meso_base_dyn.cgi?stn=CENU1&unit=0&timetype=GMT
-89.7966699999999;33.9858300000001;753;YALLABUSHA;17444636;2024/02/08 20:09:14+00;3910C6BE;222101;370;;33.98583;-89.79667;MS;Yalobusha;S&PF;MISSISSIPPI;FORESTRY COMMISSION;Fire Services;A;10.34 inches;4 mph;307 degrees;63 deg. F;NO DATA;66%;13.1 volts;NO DATA;328 degrees;14 mph;119 w/m2;17444635;YALM6;https://mesowest.utah.edu/cgi-bin/droman/meso_base_dyn.cgi?stn=YALM6&unit=0&timetype=GMT
-115.5505;44.3855600000001;765;BEARSKIN CREEK;16941630;2024/02/08 20:06:14+00;3241D254;101221;7137;STATION SITS ON THE TOP OF A MAIN TIMBERED RIDGE THATRUNS FROM THE NORTH DOWN TO THE SOUTH.  DEEP VALLEYSRUNNING NORTH TO SOUTH ON THE EAST AND WEST SIDES OF SITE.;44.38556;-115.5505;ID;Valley;USFS;4;BOISE NF;LOWMAN RD;A;2.42 inches;3 mph;232 degrees;25 deg. F;NO DATA;77%;13 volts;NO DATA;269 degrees;11 mph;140 w/m2;16941627;BCFI1;https://mesowest.utah.edu/cgi-bin/droman/meso_base_dyn.cgi?stn=BCFI1&unit=0&timetype=GMT
-117.48194;48.66389;766;TEEPEE SEED ORCHARD;17020468;2024/02/08 19:53:55+00;3231D7F8;453414;3280;Located in the Teepee Seed Orchard on the Sullivan LakeRanger District, Colville National Forest.;48.66389;-117.48194;WA;Pend Oreille;USFS;6;COLVILLE NF;SULLIVAN LAKE RD;A;3.18 inches;4 mph;244 degrees;36 deg. F;NO DATA;89%;14 volts;NO DATA;226 degrees;10 mph;125 w/m2;17020461;TSOW1;https://mesowest.utah.edu/cgi-bin/droman/meso_base_dyn.cgi?stn=TSOW1&unit=0&timetype=GMT
-121.29538;37.3292700000001;768;DIABLO GRANDE;17103911;2024/02/08 20:00:34+00;CA2302BA;43502;1861;Site is in transition zone between grassland/agriculture andOak woodland.;37.32927;-121.29538;CA;Stanislaus;S&PF;CALIFORNIA;CDF;SANTA CLARA;A;12.47 inches;5 mph;160 degrees;46 deg. F;55 deg. F;72%;13.9 volts;17.5 (unk);191 degrees;8 mph;499 w/m2;17103909;DBLC1;https://mesowest.utah.edu/cgi-bin/droman/meso_base_dyn.cgi?stn=DBLC1&unit=0&timetype=GMT
-118.39406;34.7283200000001;790;POPPY PARK;17137979;2024/02/08 19:56:34+00;CA41B6F2;45440;2760;Located with the maintenance yard of Antelope Valley California Poppy Reserve SNR. Open field, native grasses.;34.72832;-118.39406;CA;Los Angeles;S&PF;CALIFORNIA;LOS ANGELES COUNTY;;A;8.1 inches;13 mph;265 degrees;48 deg. F;58 deg. F;53%;13.8 volts;24 (unk);276 degrees;29 mph;705 w/m2;17137977;PPPC1;https://mesowest.utah.edu/cgi-bin/droman/meso_base_dyn.cgi?stn=PPPC1&unit=0&timetype=GMT
-115.60981;42.7255900000001;807;SAYLOR CREEK BOMB RANGE;18059057;2024/02/08 20:02:21+00;32D403DA;;3608;Located in a crested wheatgrass field near the West Gate of Saylor Creek Bombing Range and Browns Gulch.;42.72559;-115.60981;ID;Owyhee;DOD;;;MTN. HOME;A;9.95 inches;10 mph;307 degrees;42 deg. F;NO DATA;3%;13 volts;NO DATA;307 degrees;15 mph;0 w/m2;18059057;TT087;https://mesowest.utah.edu/cgi-bin/droman/meso_base_dyn.cgi?stn=TT087&unit=0&timetype=GMT
-100.90133;46.1602500000001;817;TATANKA PRAIRIE;17543715;2024/02/08 19:25:05+00;3,28E+153;328501;2316;;46.16025;-100.90133;ND;Sioux;BIA;Great Plains;Standing Rock Agency;;A;NO DATA;NO DATA;NO DATA;NO DATA;NO DATA;NO DATA;NO DATA;NO DATA;NO DATA;NO DATA;NO DATA;17543712;TTKN8;https://mesowest.utah.edu/cgi-bin/droman/meso_base_dyn.cgi?stn=TTKN8&unit=0&timetype=GMT
-83.29462;33.64727;850;DYAR PASTURE;18248469;2024/02/08 20:19:34+00;32D3B260;93502;481;;33.64727;-83.29462;GA;Greene;USFS;8;CHATTAHOOCHEE&OCONEE;OCONEE;A;7.95 inches;3 mph;181 degrees;58 deg. F;60 deg. F;33%;14 volts;9.8 (unk);220 degrees;7 mph;280 w/m2;18248465;DPGG1;https://mesowest.utah.edu/cgi-bin/droman/meso_base_dyn.cgi?stn=DPGG1&unit=0&timetype=GMT
-102.06205;46.3620700000001;859;WILLIAMS LOOKOUT;19420686;2024/02/07 11:11:54+00;3281A0A0;324101;2375;;46.36207;-102.06205;ND;Hettinger;NPS;MIDWEST;THEODORE ROOSEVELT;;A;.04 inches;14 mph;87 degrees;31 deg. F;31 deg. F;100%;12.7 volts;26.2 (unk);90 degrees;21 mph;0 w/m2;19420685;TT584;https://mesowest.utah.edu/cgi-bin/droman/meso_base_dyn.cgi?stn=TT584&unit=0&timetype=GMT
-121.63516;39.5898300000001;861;OPENSHAW;17091637;2024/02/08 19:54:59+00;CA215732;41215;268;;39.58983;-121.63516;CA;Butte;S&PF;CALIFORNIA;CDF;BUTTE UNIT;A;14.33 inches;2 mph;178 degrees;48 deg. F;50 deg. F;72%;14.2 volts;24.9 (unk);195 degrees;6 mph;265 w/m2;17091636;CICC1;https://mesowest.utah.edu/cgi-bin/droman/meso_base_dyn.cgi?stn=CICC1&unit=0&timetype=GMT
-88.1686099999999;36.06611;876;CAMDEN TOWER;17396773;2024/02/08 20:07:15+00;0260C468;404001;512;;36.06611;-88.16861;TN;Benton;S&PF;TENNESSEE;DIVISION OF FORESTRY;West;A;6.31 inches;17 mph;93 degrees;61 deg. F;NO DATA;43%;14.1 volts;NO DATA;107 degrees;29 mph;150 w/m2;17396772;CMDT1;https://mesowest.utah.edu/cgi-bin/droman/meso_base_dyn.cgi?stn=CMDT1&unit=0&timetype=GMT
-146.92606;64.6541700000001;880;LYNX;19036941;2024/02/08 20:09:44+00;32B661FA;;2134;;64.65417;-146.92606;AK;Fairbanks North Star;DOD;USA;FORT WAINWRITE;FAIRBANKS NORTH STAR;A;0 inches;0 mph;19 degrees;12 deg. F;NO DATA;75%;13.2 volts;NO DATA;245 degrees;2 mph;4 w/m2;19036939;LXRA2;https://mesowest.utah.edu/cgi-bin/droman/meso_base_dyn.cgi?stn=LXRA2&unit=0&timetype=GMT
-115.39722;48.4305600000001;893;ZONOLITE;17521426;2024/02/08 17:06:55+00;B92002B8;;4204;;48.43056;-115.39722;MT;;OTHR;NOT APPLICABLE;NOT APPLICABLE;;D;NO DATA;NO DATA;NO DATA;NO DATA;NO DATA;NO DATA;NO DATA;NO DATA;NO DATA;NO DATA;NO DATA;17521426;ZONM8;https://mesowest.utah.edu/cgi-bin/droman/meso_base_dyn.cgi?stn=ZONM8&unit=0&timetype=GMT
-115.35639;43.44631;913;NRAWS 13 (LESTER CREEK);17956422;2024/02/08 20:22:12+00;15D07B16;;4904;;43.44631;-115.35639;ID;Elmore;NWS;;;Boise WFO;A;10.64 inches;5 mph;292 degrees;37 deg. F;36 deg. F;49%;13.6 volts;28.1 (unk);294 degrees;10 mph;726 w/m2;17956421;LCRI1;https://mesowest.utah.edu/cgi-bin/droman/meso_base_dyn.cgi?stn=LCRI1&unit=0&timetype=GMT
-111.964;37.05143;938;KFO PORTABLE 5;18668045;2024/02/08 20:09:44+00;AAB0929E;;5370;;37.05143;-111.964;UT;Kane;BLM;R7 Upper CO Basin;KANAB;KANAB FIELD OFFICE;A;0 inches;NO DATA;279 degrees;32 deg. F;NO DATA;96%;12.4 volts;NO DATA;NO DATA;NO DATA;49 w/m2;18668045;TT295;https://mesowest.utah.edu/cgi-bin/droman/meso_base_dyn.cgi?stn=TT295&unit=0&timetype=GMT
-115.65667;48.9166700000001;952;YAAK (UPPER FORD);17235494;2024/02/08 20:06:44+00;3273A740;240120;3000;;48.91667;-115.65667;MT;Lincoln;USFS;1;KOOTENAI NF;;A;12.23 inches;1 mph;176 degrees;40 deg. F;38 deg. F;78%;14.1 volts;27 (unk);208 degrees;6 mph;106 w/m2;17235489;YKAM8;https://mesowest.utah.edu/cgi-bin/droman/meso_base_dyn.cgi?stn=YKAM8&unit=0&timetype=GMT
-122.69747;41.1094800000001;970;SCORPION;16966201;2024/02/08 19:31:54+00;32421044;40517;3365;MIDSLOPE SITE,;41.10948;-122.69747;CA;Trinity;USFS;5;SHASTA TRINITY NF;Weaverville;A;33.09 inches;2 mph;240 degrees;41 deg. F;50 deg. F;74%;14.7 volts;26.6 (unk);296 degrees;5 mph;679 w/m2;16966199;CFCC1;https://mesowest.utah.edu/cgi-bin/droman/meso_base_dyn.cgi?stn=CFCC1&unit=0&timetype=GMT
-116.29036;44.1770500000001;971;NRAWS 17 (OLA SCHOOL);18489366;2024/02/08 20:22:17+00;15C120DC;;3058;Sits on a clearing with open aspect all directions.;44.17705;-116.29036;OR;Baker;NWS;;;Boise WFO;A;14.44 inches;4 mph;57 degrees;39 deg. F;46 deg. F;41%;14.1 volts;22.4 (unk);51 degrees;8 mph;NO DATA;18489361;OLSI1;https://mesowest.utah.edu/cgi-bin/droman/meso_base_dyn.cgi?stn=OLSI1&unit=0&timetype=GMT
-91.11697;45.43778;980;LADYSMITH;17452580;2024/02/08 20:05:34+00;53710180;471601;1162;;45.43778;-91.11697;WI;Rusk;S&PF;WISCONSIN;DNR;Park Falls DG;A;.12 inches;6 mph;175 degrees;55 deg. F;59 deg. F;51%;13.8 volts;10.3 (unk);210 degrees;21 mph;229 w/m2;17452578;LDYW3;https://mesowest.utah.edu/cgi-bin/droman/meso_base_dyn.cgi?stn=LDYW3&unit=0&timetype=GMT
-120.36469;38.3423300000001;987;BLUE MTN LOOKOUT;18975248;2024/02/08 19:33:44+00;32B5385A;43212;6043;;38.34233;-120.36469;CA;Calaveras;S&PF;CALIFORNIA;CDF;;A;17.03 inches;0 mph;278 degrees;35 deg. F;29 deg. F;96%;14.8 volts;27.4 (unk);296 degrees;5 mph;106 w/m2;18975246;ULBC1;https://mesowest.utah.edu/cgi-bin/droman/meso_base_dyn.cgi?stn=ULBC1&unit=0&timetype=GMT
-109.83889;37.85472;996;NORTH LONG POINT;16945718;2024/02/08 19:39:04+00;3241174A;422710;8680;FIRE WX FORECAST ZONE: 434;37.85472;-109.83889;UT;San Juan;USFS;4;MANTI LA SAL NF;MONTICELLO;A;8.78 inches;5 mph;169 degrees;23 deg. F;28 deg. F;91%;12.7 volts;25.9 (unk);188 degrees;10 mph;203 w/m2;16945715;NLPU1;https://mesowest.utah.edu/cgi-bin/droman/meso_base_dyn.cgi?stn=NLPU1&unit=0&timetype=GMT
-122.14472;37.7861100000001;1002;OAKLAND SOUTH;17064215;2024/02/08 19:33:04+00;CA4A15A2;43403;1095;;37.78611;-122.14472;CA;Alameda;S&PF;CALIFORNIA;Oakland;;A;17.1 inches;4 mph;223 degrees;51 deg. F;62 deg. F;65%;13.7 volts;18.8 (unk);249 degrees;10 mph;494 w/m2;17064214;OKSC1;https://mesowest.utah.edu/cgi-bin/droman/meso_base_dyn.cgi?stn=OKSC1&unit=0&timetype=GMT
-156.61389;62.8227800000001;1019;FLAT;17073445;2024/02/08 19:51:54+00;33904794;500625;1480;;62.82278;-156.61389;AK;Yukon-Koyukuk;S&PF;ALASKA;STATE OF ALASKA;;AU;0 inches;2 mph;188 degrees;14 deg. F;NO DATA;87%;13 volts;NO DATA;53 degrees;4 mph;10 w/m2;17073441;MCWA2;https://mesowest.utah.edu/cgi-bin/droman/meso_base_dyn.cgi?stn=MCWA2&unit=0&timetype=GMT
-108.6107;42.9489;1045;SHARPNOSE;18749968;2024/02/08 19:46:45+00;AAB716BE;481412;5555;Station sits on a bench 2 miles south west from the Little Wind river in Wyoming Big Sage Brush habitat.;42.9489;-108.6107;WY;Fremont;BIA;Rocky Mountain;Wind River Agency;;A;.77 inches;5 mph;234 degrees;39 deg. F;NO DATA;48%;13.9 volts;NO DATA;224 degrees;9 mph;566 w/m2;18749966;TT328;https://mesowest.utah.edu/cgi-bin/droman/meso_base_dyn.cgi?stn=TT328&unit=0&timetype=GMT
-87.20219;37.2734;1048;GREENVILLE;17361704;2024/02/08 19:55:54+00;403046CE;151191;552;;37.2734;-87.20219;KY;;S&PF;KENTUCKY;DIVISION OF FORESTRY;Kentucky Division of;A;6.7 inches;14 mph;261 degrees;65 deg. F;68 deg. F;39%;13.5 volts;9.1 (unk);272 degrees;27 mph;362 w/m2;17361702;GELT2;https://mesowest.utah.edu/cgi-bin/droman/meso_base_dyn.cgi?stn=GELT2&unit=0&timetype=GMT
-120.70522;38.9041700000001;1057;BALD MTN LOC;16952134;2024/02/08 19:36:14+00;32398322;42603;4613;RIDGE. Bald Mtn. Lookout.;38.90417;-120.70522;CA;El Dorado;USFS;5;ELDORADO NF;CAMINO DISPATCH;A;26.31 inches;2 mph;209 degrees;32 deg. F;34 deg. F;97%;13 volts;27.2 (unk);199 degrees;10 mph;178 w/m2;16952126;BDMC1;https://mesowest.utah.edu/cgi-bin/droman/meso_base_dyn.cgi?stn=BDMC1&unit=0&timetype=GMT
-117.80969;44.84286;1061;NRAWS 16 (BAKER AIRPORT);18489106;2024/02/05 02:28:21+00;AA11405A;;3363;;44.84286;-117.80969;OR;Baker;NWS;;;Boise WFO;D;NO DATA;NO DATA;NO DATA;NO DATA;NO DATA;NO DATA;NO DATA;NO DATA;NO DATA;NO DATA;NO DATA;18489106;BKAO3;https://mesowest.utah.edu/cgi-bin/droman/meso_base_dyn.cgi?stn=BKAO3&unit=0&timetype=GMT
-123.18897;41.2690900000001;1085;BLUE RIDGE (KNF);17207848;2024/02/08 19:51:54+00;3272B6CC;40203;5859;;41.26909;-123.18897;CA;Siskiyou;USFS;5;KLAMATH NF;SALMON RIVER;A;14.23 inches;3 mph;292 degrees;30 deg. F;36 deg. F;87%;14.7 volts;26.5 (unk);237 degrees;10 mph;NO DATA;17207846;BUGC1;https://mesowest.utah.edu/cgi-bin/droman/meso_base_dyn.cgi?stn=BUGC1&unit=0&timetype=GMT
-122.45462;41.4789200000001;1107;WEED AIRPORT;17104937;2024/02/08 19:48:14+00;CA2055C8;40228;2929;Located at the Weed Airport adjacent to I-5 and its RestArea. Generally upland subdued grassland/low shrubs.;41.47892;-122.45462;CA;Siskiyou;S&PF;CALIFORNIA;CDF;SISKIYOU UNIT;A;7.39 inches;4 mph;85 degrees;42 deg. F;58 deg. F;70%;13.9 volts;22.7 (unk);138 degrees;6 mph;458 w/m2;17104935;WEEC1;https://mesowest.utah.edu/cgi-bin/droman/meso_base_dyn.cgi?stn=WEEC1&unit=0&timetype=GMT
-84.8099999999999;36.535;1111;PICKETT STATE FOREST;19343889;2024/02/08 19:43:24+00;32A1E244;400801;1720;;36.535;-84.81;TN;Fentress;S&PF;TENNESSEE;DIVISION OF FORESTRY;CUMBERLAND;D;6.31 inches;4 mph;199 degrees;61 deg. F;NO DATA;23%;13.4 volts;NO DATA;199 degrees;12 mph;336 w/m2;19343888;TT533;https://mesowest.utah.edu/cgi-bin/droman/meso_base_dyn.cgi?stn=TT533&unit=0&timetype=GMT
-97.11481;30.04828;1112;ROCKY HILL;19175436;2024/02/08 16:39:44+00;32D0BBBC;;443;;30.04828;-97.11481;TX;Bastrop;S&PF;TEXAS;;BASTROP;A;8.5 inches;3 mph;149 degrees;68 deg. F;72 deg. F;82%;13.6 volts;17.8 (unk);142 degrees;10 mph;216 w/m2;19175435;RHBT2;https://mesowest.utah.edu/cgi-bin/droman/meso_base_dyn.cgi?stn=RHBT2&unit=0&timetype=GMT
-105.98556;39.5600000000001;1147;SODA CREEK;16931120;2024/02/08 19:56:24+00;323591C8;51703;9578;Station is behind keystone ranch.Station located in a sagebrush meadow near lodgepole andaspen forest. located back in the timber at mid slope. goodair flow to the east and south.;39.56;-105.98556;CO;;USFS;2;WHITE RIVER NF;DILLON RD;A;1.32 inches;10 mph;303 degrees;26 deg. F;NO DATA;43%;14.1 volts;NO DATA;301 degrees;16 mph;466 w/m2;16931117;SOAC1;https://mesowest.utah.edu/cgi-bin/droman/meso_base_dyn.cgi?stn=SOAC1&unit=0&timetype=GMT
-123.36917;42.4997500000001;1161;MERLIN;16856120;2024/02/08 19:58:28+00;324D05A0;353122;1144;STATION SITS IN AN OPEN WOODED AREA, HARDWOODS, PINE AND FIRS, WITH A GRASS FORST LITTER BASE.;42.49975;-123.36917;OR;Josephine;S&PF;OREGON;DEPT OF FORESTRY;SWO-GRANTS PASS;A;9.85 inches;3 mph;274 degrees;46 deg. F;NO DATA;72%;14.5 volts;NO DATA;322 degrees;7 mph;236 w/m2;16856118;MLFO3;https://mesowest.utah.edu/cgi-bin/droman/meso_base_dyn.cgi?stn=MLFO3&unit=0&timetype=GMT
-88.82893;35.37132;1172;CHICKASAW SF;17396522;2024/02/08 20:07:04+00;0260B2F8;408001;439;;35.37132;-88.82893;TN;Hardeman;S&PF;TENNESSEE;DIVISION OF FORESTRY;West;A;7.71 inches;5 mph;101 degrees;62 deg. F;NO DATA;50%;13.9 volts;NO DATA;90 degrees;13 mph;182 w/m2;17396521;CHFT1;https://mesowest.utah.edu/cgi-bin/droman/meso_base_dyn.cgi?stn=CHFT1&unit=0&timetype=GMT
-117.43583;48.49028;1204;TACOMA CREEK;16969773;2024/02/08 20:03:54+00;3262A224;453413;3240;FIRE WX FORECAST ZONE: 686Located on spur ridge, in a plantation, trees 10-15 feettall.;48.49028;-117.43583;WA;Pend Oreille;USFS;6;COLVILLE NF;NEWPORT RD;A;3.18 inches;1 mph;156 degrees;34 deg. F;35 deg. F;97%;13.8 volts;27.1 (unk);197 degrees;5 mph;0 w/m2;16969769;TCFW1;https://mesowest.utah.edu/cgi-bin/droman/meso_base_dyn.cgi?stn=TCFW1&unit=0&timetype=GMT
-89.45444;30.45111;1238;HANCOCK;17365281;2024/02/08 20:09:24+00;391010D6;228002;98;;30.45111;-89.45444;MS;Hancock;S&PF;MISSISSIPPI;FORESTRY COMMISSION;Fire Services;A;8.94 inches;4 mph;254 degrees;68 deg. F;NO DATA;63%;NO DATA;NO DATA;290 degrees;11 mph;212 w/m2;17365280;NNHM6;https://mesowest.utah.edu/cgi-bin/droman/meso_base_dyn.cgi?stn=NNHM6&unit=0&timetype=GMT
-112.52472;37.0372800000001;1239;KFO PORTABLE 4;18418447;2024/02/08 19:30:14+00;3266579A;;4926;Located in the Kanab, Utah city limits at the BLM Kanab Field Office Headquarters building.;37.03728;-112.52472;UT;Kane;BLM;R7 Upper CO Basin;KANAB;;A;86.8 inches;5 mph;164 degrees;32 deg. F;NO DATA;96%;12.3 volts;NO DATA;92 degrees;12 mph;139 w/m2;18418447;TT223;https://mesowest.utah.edu/cgi-bin/droman/meso_base_dyn.cgi?stn=TT223&unit=0&timetype=GMT
-116.20861;43.56528;1250;SMOKE 69;18141475;1900/01/01 00:00:01+00;32D5C43E;;2865;;43.56528;-116.20861;ID;;USFS;WO;;;D;NO DATA;NO DATA;NO DATA;NO DATA;NO DATA;NO DATA;NO DATA;NO DATA;NO DATA;NO DATA;NO DATA;18141475;TT117;https://mesowest.utah.edu/cgi-bin/droman/meso_base_dyn.cgi?stn=TT117&unit=0&timetype=GMT
-82.10472;26.4408300000001;1252;DING DARLING NWR;17530905;2024/02/08 20:17:25+00;3279E518;;10;;26.44083;-82.10472;FL;Lee;FWS;REGION 4;DING DARLING NWR;;A;5.68 inches;4 mph;191 degrees;75 deg. F;NO DATA;49%;13.6 volts;NO DATA;211 degrees;8 mph;632 w/m2;17530903;TS755;https://mesowest.utah.edu/cgi-bin/droman/meso_base_dyn.cgi?stn=TS755&unit=0&timetype=GMT
-123.08431;39.8249700000001;1258;EEL RIVER (MNF);16959538;2024/02/08 19:45:34+00;3241B7B2;41005;1500;"FIRE WX FORECAST ZONE: 557
station sits at the mouth of two major drainages(Eel & Black";39.82497;-123.08431;CA;Mendocino;USFS;5;MENDOCINO NF;COVELO;A;13.29 inches;3 mph;296 degrees;44 deg. F;56 deg. F;70%;14.2 volts;23.3 (unk);235 degrees;7 mph;NO DATA;16959533;EELC1;https://mesowest.utah.edu/cgi-bin/droman/meso_base_dyn.cgi?stn=EELC1&unit=0&timetype=GMT
-108.21972;45.1039200000001;1275;HILLSBORO;17379879;2024/02/08 19:29:54+00;FA643096;245609;3986;"Unit sits on a flat mesa top in a grass opening in an open
Juniper stand.  The mesa top is a ridge that extends towards
the Bighorn Canyon.  Unit is unsheltered from wind or sun.";45.10392;-108.21972;MT;Carbon;NPS;INTERMOUNTAIN;BIG HORN NRA;;A;.07 inches;3 mph;203 degrees;36 deg. F;38 deg. F;59%;14.3 volts;15.7 (unk);188 degrees;6 mph;174 w/m2;17379878;HBOM8;https://mesowest.utah.edu/cgi-bin/droman/meso_base_dyn.cgi?stn=HBOM8&unit=0&timetype=GMT
-123.46944;44.9250000000001;1300;ROCKHOUSE 1;17176862;2024/02/08 20:12:54+00;6,00113E+07;351710;1797;;44.925;-123.46944;OR;Polk;S&PF;OREGON;DEPT OF FORESTRY;;A;39.88 inches;4 mph;264 degrees;46 deg. F;58 deg. F;63%;14.3 volts;26.4 (unk);218 degrees;19 mph;500 w/m2;17176861;RKHO3;https://mesowest.utah.edu/cgi-bin/droman/meso_base_dyn.cgi?stn=RKHO3&unit=0&timetype=GMT
-80.61972;38.63611;1307;FLATWOODS;17467931;2024/02/08 14:17:24+00;9000650A;463301;1642;Moved from airport location on 6/2/16, due to construction of a hanger right next to station.  Now at end of Stoney Creek Road on the Elk River WMA (state property).;38.63611;-80.61972;WV;Braxton;S&PF;WEST VIRGINIA;NOT APPLICABLE;D3;D;3.73 inches;4 mph;174 degrees;49 deg. F;NO DATA;26%;12.7 volts;NO DATA;166 degrees;6 mph;111 w/m2;17467929;FLRW2;https://mesowest.utah.edu/cgi-bin/droman/meso_base_dyn.cgi?stn=FLRW2&unit=0&timetype=GMT
-114.22682;46.43958;1316;SMITH CREEK;17233961;2024/02/08 20:09:35+00;323F7368;242912;5650;Mid slope site.;46.43958;-114.22682;MT;Ravalli;USFS;1;BITTERROOT NF;STEVENSVILLE RD;A;1.79 inches;2 mph;109 degrees;35 deg. F;NO DATA;81%;14 volts;NO DATA;130 degrees;6 mph;357 w/m2;17233958;SMTM8;https://mesowest.utah.edu/cgi-bin/droman/meso_base_dyn.cgi?stn=SMTM8&unit=0&timetype=GMT
-118.97241;48.1362300000001;1330;NESPELEM;16783425;2024/02/08 19:57:24+00;52119772;452009;1900;"LOCATED ABOVE COLVILLE INDIAN AGENCY HEADQUARTERS, SOUTH OF
NESPELEM.  THERE IS A LONG VALLEY WEST OF THE SITE THAT RUNS
NORTH TO SOUTH.  FOREST LANDS ARE EAST AND TO THE NORTH APPR
5 TO 7 MILES AWAY.";48.13623;-118.97241;WA;Okanogan;BIA;Northwest;Colville Agency;;A;8.01 inches;2 mph;201 degrees;41 deg. F;NO DATA;86%;14.2 volts;NO DATA;212 degrees;5 mph;166 w/m2;16783422;NEFW1;https://mesowest.utah.edu/cgi-bin/droman/meso_base_dyn.cgi?stn=NEFW1&unit=0&timetype=GMT
-118.41858;34.3532500000001;1369;CAMP 9;17110596;2024/02/08 19:55:14+00;CA41A584;45441;4000;Open ridgetop north of San Fernando Valley.;34.35325;-118.41858;CA;Los Angeles;S&PF;CALIFORNIA;LOS ANGELES COUNTY;;A;14.02 inches;8 mph;139 degrees;42 deg. F;50 deg. F;69%;13.9 volts;24 (unk);126 degrees;17 mph;507 w/m2;17110595;CNIC1;https://mesowest.utah.edu/cgi-bin/droman/meso_base_dyn.cgi?stn=CNIC1&unit=0&timetype=GMT